{
  "lang":"en",
  "name":"pipeline",
  "version":"0.0.0",
  "spacy_version":">=3.7.2,<3.8.0",
  "description":"",
  "author":"",
  "email":"",
  "url":"",
  "license":"",
  "spacy_git_version":"a89eae928",
  "vectors":{
    "width":0,
    "vectors":0,
    "keys":0,
    "name":null,
    "mode":"default"
  },
  "labels":{
    "tok2vec":[

    ],
    "ner":[
      "COLOR",
      "FOOD",
      "PART",
      "PHYSICAL_QUALITY",
      "PROCESS",
      "PURPOSE",
      "QUANTITY",
      "TASTE",
      "UNIT"
    ]
  },
  "pipeline":[
    "tok2vec",
    "ner"
  ],
  "components":[
    "tok2vec",
    "ner"
  ],
  "disabled":[

  ],
  "performance":{
    "ents_f":0.9741952447,
    "ents_p":0.9779051354,
    "ents_r":0.9705133962,
    "ents_per_type":{
      "QUANTITY":{
        "p":0.991507431,
        "r":0.9883597884,
        "f":0.9899311076
      },
      "UNIT":{
        "p":0.9943055995,
        "r":0.9908575032,
        "f":0.9925785568
      },
      "FOOD":{
        "p":0.9717782218,
        "r":0.9679104478,
        "f":0.9698404786
      },
      "PROCESS":{
        "p":0.9449954914,
        "r":0.9605866178,
        "f":0.9527272727
      },
      "PHYSICAL_QUALITY":{
        "p":0.9257362356,
        "r":0.9117276166,
        "f":0.918678526
      },
      "PART":{
        "p":0.9565217391,
        "r":0.8,
        "f":0.8712871287
      },
      "PURPOSE":{
        "p":1.0,
        "r":0.6808510638,
        "f":0.8101265823
      },
      "TASTE":{
        "p":0.9541284404,
        "r":0.8253968254,
        "f":0.885106383
      },
      "COLOR":{
        "p":0.9817351598,
        "r":0.9307359307,
        "f":0.9555555556
      }
    },
    "tok2vec_loss":448.4463141521,
    "ner_loss":1881.1074911664
  }
}